server_name,tool.name,tool.description,tool.input_schema
brave-search,brave_web_search,"
    Performs web searches using the Brave Search API and returns comprehensive search results with rich metadata.

    When to use:
        - General web searches for information, facts, or current topics
        - Location-based queries (restaurants, businesses, points of interest)
        - News searches for recent events or breaking stories
        - Finding videos, discussions, or FAQ content
        - Research requiring diverse result types (web pages, images, reviews, etc.)

    Returns a JSON list of web results with title, description, and URL.
    
    When the ""results_filter"" parameter is empty, JSON results may also contain FAQ, Discussions, News, and Video results.
","{""type"": ""object"", ""properties"": {""query"": {""type"": ""string"", ""maxLength"": 400, ""description"": ""Search query (max 400 chars, 50 words)""}, ""country"": {""type"": ""string"", ""enum"": [""ALL"", ""AR"", ""AU"", ""AT"", ""BE"", ""BR"", ""CA"", ""CL"", ""DK"", ""FI"", ""FR"", ""DE"", ""HK"", ""IN"", ""ID"", ""IT"", ""JP"", ""KR"", ""MY"", ""MX"", ""NL"", ""NZ"", ""NO"", ""CN"", ""PL"", ""PT"", ""PH"", ""RU"", ""SA"", ""ZA"", ""ES"", ""SE"", ""CH"", ""TW"", ""TR"", ""GB"", ""US""], ""default"": ""US"", ""description"": ""Search query country, where the results come from. The country string is limited to 2 character country codes of supported countries.""}, ""search_lang"": {""type"": ""string"", ""enum"": [""ar"", ""eu"", ""bn"", ""bg"", ""ca"", ""zh-hans"", ""zh-hant"", ""hr"", ""cs"", ""da"", ""nl"", ""en"", ""en-gb"", ""et"", ""fi"", ""fr"", ""gl"", ""de"", ""gu"", ""he"", ""hi"", ""hu"", ""is"", ""it"", ""jp"", ""kn"", ""ko"", ""lv"", ""lt"", ""ms"", ""ml"", ""mr"", ""nb"", ""pl"", ""pt-br"", ""pt-pt"", ""pa"", ""ro"", ""ru"", ""sr"", ""sk"", ""sl"", ""es"", ""sv"", ""ta"", ""te"", ""th"", ""tr"", ""uk"", ""vi""], ""default"": ""en"", ""description"": ""Search language preference. The 2 or more character language code for which the search results are provided.""}, ""ui_lang"": {""type"": ""string"", ""enum"": [""es-AR"", ""en-AU"", ""de-AT"", ""nl-BE"", ""fr-BE"", ""pt-BR"", ""en-CA"", ""fr-CA"", ""es-CL"", ""da-DK"", ""fi-FI"", ""fr-FR"", ""de-DE"", ""zh-HK"", ""en-IN"", ""en-ID"", ""it-IT"", ""ja-JP"", ""ko-KR"", ""en-MY"", ""es-MX"", ""nl-NL"", ""en-NZ"", ""no-NO"", ""zh-CN"", ""pl-PL"", ""en-PH"", ""ru-RU"", ""en-ZA"", ""es-ES"", ""sv-SE"", ""fr-CH"", ""de-CH"", ""zh-TW"", ""tr-TR"", ""en-GB"", ""en-US"", ""es-US""], ""default"": ""en-US"", ""description"": ""The language of the UI. The 2 or more character language code for which the search results are provided.""}, ""count"": {""type"": ""integer"", ""minimum"": 1, ""maximum"": 20, ""default"": 10, ""description"": ""Number of results (1-20, default 10). Applies only to web search results (i.e., has no effect on locations, news, videos, etc.)""}, ""offset"": {""type"": ""integer"", ""minimum"": 0, ""maximum"": 9, ""default"": 0, ""description"": ""Pagination offset (max 9, default 0)""}, ""safesearch"": {""type"": ""string"", ""enum"": [""off"", ""moderate"", ""strict""], ""default"": ""moderate"", ""description"": ""Filters search results for adult content. The following values are supported: 'off' - No filtering. 'moderate' - Filters explicit content (e.g., images and videos), but allows adult domains in search results. 'strict' - Drops all adult content from search results. The default value is 'moderate'.""}, ""freshness"": {""type"": ""string"", ""enum"": [""pd"", ""pw"", ""pm"", ""py"", ""YYYY-MM-DDtoYYYY-MM-DD""], ""description"": ""Filters search results by when they were discovered. The following values are supported: 'pd' - Discovered within the last 24 hours. 'pw' - Discovered within the last 7 days. 'pm' - Discovered within the last 31 days. 'py' - Discovered within the last 365 days. 'YYYY-MM-DDtoYYYY-MM-DD' - Timeframe is also supported by specifying the date range e.g. 2022-04-01to2022-07-30.""}, ""text_decorations"": {""type"": ""boolean"", ""default"": true, ""description"": ""Whether display strings (e.g. result snippets) should include decoration markers (e.g. highlighting characters).""}, ""spellcheck"": {""type"": ""boolean"", ""default"": true, ""description"": ""Whether to spellcheck the provided query.""}, ""result_filter"": {""type"": ""array"", ""items"": {""type"": ""string"", ""enum"": [""discussions"", ""faq"", ""infobox"", ""news"", ""query"", ""summarizer"", ""videos"", ""web"", ""locations"", ""rich""]}, ""default"": [""web"", ""query""], ""description"": ""Result filter (default ['web', 'query'])""}, ""goggles"": {""type"": ""array"", ""items"": {""type"": ""string""}, ""description"": ""Goggles act as a custom re-ranking on top of Brave's search index. The parameter supports both a url where the Goggle is hosted or the definition of the Goggle. For more details, refer to the Goggles repository (i.e., https://github.com/brave/goggles-quickstart).""}, ""units"": {""type"": ""string"", ""enum"": [""metric"", ""imperial""], ""description"": ""The measurement units. If not provided, units are derived from search country.""}, ""extra_snippets"": {""type"": ""boolean"", ""description"": ""A snippet is an excerpt from a page you get as a result of the query, and extra_snippets allow you to get up to 5 additional, alternative excerpts. Only available under Free AI, Base AI, Pro AI, Base Data, Pro Data and Custom plans.""}, ""summary"": {""type"": ""boolean"", ""description"": ""This parameter enables summary key generation in web search results. This is required for summarizer to be enabled.""}}, ""required"": [""query""], ""additionalProperties"": false, ""$schema"": ""http://json-schema.org/draft-07/schema#""}"
brave-search,brave_local_search,"
    Brave Local Search API provides enrichments for location search results. Access to this API is available only through the Brave Search API Pro plans; confirm the user's plan before using this tool (if the user does not have a Pro plan, use the brave_web_search tool). Searches for local businesses and places using Brave's Local Search API. Best for queries related to physical locations, businesses, restaurants, services, etc.
    
    Returns detailed information including:
        - Business names and addresses
        - Ratings and review counts
        - Phone numbers and opening hours

    Use this when the query implies 'near me', 'in my area', or mentions specific locations (e.g., 'in San Francisco'). This tool automatically falls back to brave_web_search if no local results are found.
","{""type"": ""object"", ""properties"": {""query"": {""type"": ""string"", ""maxLength"": 400, ""description"": ""Search query (max 400 chars, 50 words)""}, ""country"": {""type"": ""string"", ""enum"": [""ALL"", ""AR"", ""AU"", ""AT"", ""BE"", ""BR"", ""CA"", ""CL"", ""DK"", ""FI"", ""FR"", ""DE"", ""HK"", ""IN"", ""ID"", ""IT"", ""JP"", ""KR"", ""MY"", ""MX"", ""NL"", ""NZ"", ""NO"", ""CN"", ""PL"", ""PT"", ""PH"", ""RU"", ""SA"", ""ZA"", ""ES"", ""SE"", ""CH"", ""TW"", ""TR"", ""GB"", ""US""], ""default"": ""US"", ""description"": ""Search query country, where the results come from. The country string is limited to 2 character country codes of supported countries.""}, ""search_lang"": {""type"": ""string"", ""enum"": [""ar"", ""eu"", ""bn"", ""bg"", ""ca"", ""zh-hans"", ""zh-hant"", ""hr"", ""cs"", ""da"", ""nl"", ""en"", ""en-gb"", ""et"", ""fi"", ""fr"", ""gl"", ""de"", ""gu"", ""he"", ""hi"", ""hu"", ""is"", ""it"", ""jp"", ""kn"", ""ko"", ""lv"", ""lt"", ""ms"", ""ml"", ""mr"", ""nb"", ""pl"", ""pt-br"", ""pt-pt"", ""pa"", ""ro"", ""ru"", ""sr"", ""sk"", ""sl"", ""es"", ""sv"", ""ta"", ""te"", ""th"", ""tr"", ""uk"", ""vi""], ""default"": ""en"", ""description"": ""Search language preference. The 2 or more character language code for which the search results are provided.""}, ""ui_lang"": {""type"": ""string"", ""enum"": [""es-AR"", ""en-AU"", ""de-AT"", ""nl-BE"", ""fr-BE"", ""pt-BR"", ""en-CA"", ""fr-CA"", ""es-CL"", ""da-DK"", ""fi-FI"", ""fr-FR"", ""de-DE"", ""zh-HK"", ""en-IN"", ""en-ID"", ""it-IT"", ""ja-JP"", ""ko-KR"", ""en-MY"", ""es-MX"", ""nl-NL"", ""en-NZ"", ""no-NO"", ""zh-CN"", ""pl-PL"", ""en-PH"", ""ru-RU"", ""en-ZA"", ""es-ES"", ""sv-SE"", ""fr-CH"", ""de-CH"", ""zh-TW"", ""tr-TR"", ""en-GB"", ""en-US"", ""es-US""], ""default"": ""en-US"", ""description"": ""The language of the UI. The 2 or more character language code for which the search results are provided.""}, ""count"": {""type"": ""integer"", ""minimum"": 1, ""maximum"": 20, ""default"": 10, ""description"": ""Number of results (1-20, default 10). Applies only to web search results (i.e., has no effect on locations, news, videos, etc.)""}, ""offset"": {""type"": ""integer"", ""minimum"": 0, ""maximum"": 9, ""default"": 0, ""description"": ""Pagination offset (max 9, default 0)""}, ""safesearch"": {""type"": ""string"", ""enum"": [""off"", ""moderate"", ""strict""], ""default"": ""moderate"", ""description"": ""Filters search results for adult content. The following values are supported: 'off' - No filtering. 'moderate' - Filters explicit content (e.g., images and videos), but allows adult domains in search results. 'strict' - Drops all adult content from search results. The default value is 'moderate'.""}, ""freshness"": {""type"": ""string"", ""enum"": [""pd"", ""pw"", ""pm"", ""py"", ""YYYY-MM-DDtoYYYY-MM-DD""], ""description"": ""Filters search results by when they were discovered. The following values are supported: 'pd' - Discovered within the last 24 hours. 'pw' - Discovered within the last 7 days. 'pm' - Discovered within the last 31 days. 'py' - Discovered within the last 365 days. 'YYYY-MM-DDtoYYYY-MM-DD' - Timeframe is also supported by specifying the date range e.g. 2022-04-01to2022-07-30.""}, ""text_decorations"": {""type"": ""boolean"", ""default"": true, ""description"": ""Whether display strings (e.g. result snippets) should include decoration markers (e.g. highlighting characters).""}, ""spellcheck"": {""type"": ""boolean"", ""default"": true, ""description"": ""Whether to spellcheck the provided query.""}, ""result_filter"": {""type"": ""array"", ""items"": {""type"": ""string"", ""enum"": [""discussions"", ""faq"", ""infobox"", ""news"", ""query"", ""summarizer"", ""videos"", ""web"", ""locations"", ""rich""]}, ""default"": [""web"", ""query""], ""description"": ""Result filter (default ['web', 'query'])""}, ""goggles"": {""type"": ""array"", ""items"": {""type"": ""string""}, ""description"": ""Goggles act as a custom re-ranking on top of Brave's search index. The parameter supports both a url where the Goggle is hosted or the definition of the Goggle. For more details, refer to the Goggles repository (i.e., https://github.com/brave/goggles-quickstart).""}, ""units"": {""type"": ""string"", ""enum"": [""metric"", ""imperial""], ""description"": ""The measurement units. If not provided, units are derived from search country.""}, ""extra_snippets"": {""type"": ""boolean"", ""description"": ""A snippet is an excerpt from a page you get as a result of the query, and extra_snippets allow you to get up to 5 additional, alternative excerpts. Only available under Free AI, Base AI, Pro AI, Base Data, Pro Data and Custom plans.""}, ""summary"": {""type"": ""boolean"", ""description"": ""This parameter enables summary key generation in web search results. This is required for summarizer to be enabled.""}}, ""required"": [""query""], ""additionalProperties"": false, ""$schema"": ""http://json-schema.org/draft-07/schema#""}"
brave-search,brave_video_search,"
    Searches for videos using Brave's Video Search API and returns structured video results with metadata.

    When to use:
        - When you need to find videos related to a specific topic, keyword, or query.
        - Useful for discovering video content, getting video metadata, or finding videos from specific creators/publishers.

    Returns a JSON list of video-related results with title, url, description, duration, and thumbnail_url.
","{""type"": ""object"", ""properties"": {""query"": {""type"": ""string"", ""minLength"": 1, ""maxLength"": 400, ""description"": ""The user's search query. Query cannot be empty. Limited to 400 characters and 50 words.""}, ""country"": {""type"": ""string"", ""default"": ""US"", ""description"": ""Search query country, where the results come from. The country string is limited to 2 character country codes of supported countries.""}, ""search_lang"": {""type"": ""string"", ""default"": ""en"", ""description"": ""Search language preference. The 2 or more character language code for which the search results are provided.""}, ""ui_lang"": {""type"": ""string"", ""default"": ""en-US"", ""description"": ""User interface language preferred in response. Usually of the format <language_code>-<country_code>. For more, see RFC 9110.""}, ""count"": {""type"": ""integer"", ""minimum"": 1, ""maximum"": 50, ""default"": 20, ""description"": ""Number of results (1-50, default 20). Combine this parameter with `offset` to paginate search results.""}, ""offset"": {""type"": ""integer"", ""minimum"": 0, ""maximum"": 9, ""default"": 0, ""description"": ""Pagination offset (max 9, default 0). Combine this parameter with `count` to paginate search results.""}, ""spellcheck"": {""type"": ""boolean"", ""description"": ""Whether to spellcheck provided query."", ""default"": true}, ""safesearch"": {""type"": ""string"", ""enum"": [""off"", ""moderate"", ""strict""], ""default"": ""moderate"", ""description"": ""Filters search results for adult content. The following values are supported: 'off' - No filtering. 'moderate' - Filter out explicit content. 'strict' - Filter out explicit and suggestive content. The default value is 'moderate'.""}, ""freshness"": {""anyOf"": [{""type"": ""string"", ""const"": ""pd""}, {""type"": ""string"", ""const"": ""pw""}, {""type"": ""string"", ""const"": ""pm""}, {""type"": ""string"", ""const"": ""py""}, {""type"": ""string""}], ""description"": ""Filters search results by when they were discovered. The following values are supported: 'pd' - Discovered within the last 24 hours. 'pw' - Discovered within the last 7 days. 'pm' - Discovered within the last 31 days. 'py' - Discovered within the last 365 days. 'YYYY-MM-DDtoYYYY-MM-DD' - timeframe is also supported by specifying the date range (e.g. '2022-04-01to2022-07-30').""}}, ""required"": [""query""], ""additionalProperties"": false, ""$schema"": ""http://json-schema.org/draft-07/schema#""}"
brave-search,brave_image_search,"
    Performs an image search using the Brave Search API. Helpful for when you need pictures of people, places, things, graphic design ideas, art inspiration, and more. When relaying results in a markdown environment, it may be helpful to include images in the results (e.g., ![image.title](image.properties.url)).
","{""type"": ""object"", ""properties"": {""query"": {""type"": ""string"", ""minLength"": 1, ""maxLength"": 400, ""description"": ""The user's search query. Query cannot be empty. Limited to 400 characters and 50 words.""}, ""country"": {""type"": ""string"", ""default"": ""US"", ""description"": ""Search query country, where the results come from. The country string is limited to 2 character country codes of supported countries.""}, ""search_lang"": {""type"": ""string"", ""default"": ""en"", ""description"": ""Search language preference. The 2 or more character language code for which the search results are provided.""}, ""count"": {""type"": ""integer"", ""minimum"": 1, ""maximum"": 200, ""default"": 50, ""description"": ""Number of results (1-200, default 50). Combine this parameter with `offset` to paginate search results.""}, ""safesearch"": {""type"": ""string"", ""enum"": [""off"", ""strict""], ""default"": ""strict"", ""description"": ""Filters search results for adult content. The following values are supported: 'off' - No filtering. 'strict' - Drops all adult content from search results.""}, ""spellcheck"": {""type"": ""boolean"", ""default"": true, ""description"": ""Whether to spellcheck provided query.""}}, ""required"": [""query""], ""additionalProperties"": false, ""$schema"": ""http://json-schema.org/draft-07/schema#""}"
brave-search,brave_news_search,"
    This tool searches for news articles using Brave's News Search API based on the user's query. Use it when you need current news information, breaking news updates, or articles about specific topics, events, or entities.
    
    When to use:
        - Finding recent news articles on specific topics
        - Getting breaking news updates
        - Researching current events or trending stories
        - Gathering news sources and headlines for analysis

    Returns a JSON list of news-related results with title, url, and description. Some results may contain snippets of text from the article.
    
    When relaying results in markdown-supporting environments, always cite sources with hyperlinks.
    
    Examples:
        - ""According to [Reuters](https://www.reuters.com/technology/china-bans/), China bans uncertified and recalled power banks on planes"".
        - ""The [New York Times](https://www.nytimes.com/2025/06/27/us/technology/ev-sales.html) reports that Tesla's EV sales have increased by 20%"".
        - ""According to [BBC News](https://www.bbc.com/news/world-europe-65910000), the UK government has announced a new policy to support renewable energy"".
","{""type"": ""object"", ""properties"": {""query"": {""type"": ""string"", ""maxLength"": 400, ""description"": ""Search query (max 400 chars, 50 words)""}, ""country"": {""type"": ""string"", ""default"": ""US"", ""description"": ""Search query country, where the results come from. The country string is limited to 2 character country codes of supported countries.""}, ""search_lang"": {""type"": ""string"", ""default"": ""en"", ""description"": ""Search language preference. The 2 or more character language code for which the search results are provided.""}, ""ui_lang"": {""type"": ""string"", ""default"": ""en-US"", ""description"": ""User interface language preferred in response. Usually of the format <language_code>-<country_code>. For more, see RFC 9110.""}, ""count"": {""type"": ""integer"", ""minimum"": 1, ""maximum"": 50, ""default"": 20, ""description"": ""Number of results (1-50, default 20)""}, ""offset"": {""type"": ""integer"", ""minimum"": 0, ""maximum"": 9, ""default"": 0, ""description"": ""Pagination offset (max 9, default 0)""}, ""spellcheck"": {""type"": ""boolean"", ""default"": true, ""description"": ""Whether to spellcheck provided query.""}, ""safesearch"": {""type"": ""string"", ""enum"": [""off"", ""moderate"", ""strict""], ""default"": ""moderate"", ""description"": ""Filters search results for adult content. The following values are supported: 'off' - No filtering. 'moderate' - Filter out explicit content. 'strict' - Filter out explicit and suggestive content. The default value is 'moderate'.""}, ""freshness"": {""anyOf"": [{""type"": ""string"", ""const"": ""pd""}, {""type"": ""string"", ""const"": ""pw""}, {""type"": ""string"", ""const"": ""pm""}, {""type"": ""string"", ""const"": ""py""}, {""type"": ""string""}], ""default"": ""pd"", ""description"": ""Filters search results by when they were discovered. The following values are supported: 'pd' - Discovered within the last 24 hours. 'pw' - Discovered within the last 7 Days. 'pm' - Discovered within the last 31 Days. 'py' - Discovered within the last 365 Days. 'YYYY-MM-DDtoYYYY-MM-DD' - Timeframe is also supported by specifying the date range e.g. 2022-04-01to2022-07-30.""}, ""extra_snippets"": {""type"": ""boolean"", ""default"": false, ""description"": ""A snippet is an excerpt from a page you get as a result of the query, and extra_snippets allow you to get up to 5 additional, alternative excerpts. Only available under Free AI, Base AI, Pro AI, Base Data, Pro Data and Custom plans.""}, ""goggles"": {""type"": ""array"", ""items"": {""type"": ""string""}, ""description"": ""Goggles act as a custom re-ranking on top of Brave's search index. The parameter supports both a url where the Goggle is hosted or the definition of the Goggle. For more details, refer to the Goggles repository (i.e., https://github.com/brave/goggles-quickstart).""}}, ""required"": [""query""], ""additionalProperties"": false, ""$schema"": ""http://json-schema.org/draft-07/schema#""}"
brave-search,brave_summarizer,"
    Retrieves AI-generated summaries of web search results using Brave's Summarizer API. This tool processes search results to create concise, coherent summaries of information gathered from multiple sources.

    When to use:

    - When you need a concise overview of complex topics from multiple sources
    - For quick fact-checking or getting key points without reading full articles
    - When providing users with summarized information that synthesizes various perspectives
    - For research tasks requiring distilled information from web searches

    Returns a text summary that consolidates information from the search results. Optional features include inline references to source URLs and additional entity information.

    Requirements: Must first perform a web search using brave_web_search with summary=true parameter. Requires a Pro AI subscription to access the summarizer functionality.
","{""type"": ""object"", ""properties"": {""key"": {""type"": ""string"", ""description"": ""The key is equal to value of field key as part of the Summarizer response model.""}, ""entity_info"": {""type"": ""boolean"", ""default"": false, ""description"": ""Returns extra entities info with the summary response.""}, ""inline_references"": {""type"": ""boolean"", ""default"": false, ""description"": ""Adds inline references to the summary response.""}}, ""required"": [""key""], ""additionalProperties"": false, ""$schema"": ""http://json-schema.org/draft-07/schema#""}"
ddg-search,search,"
    Search DuckDuckGo and return formatted results.

    Args:
        query: The search query string
        max_results: Maximum number of results to return (default: 10)
        ctx: MCP context for logging
    ","{""properties"": {""query"": {""title"": ""Query"", ""type"": ""string""}, ""max_results"": {""default"": 10, ""title"": ""Max Results"", ""type"": ""integer""}}, ""required"": [""query""], ""title"": ""searchArguments"", ""type"": ""object""}"
ddg-search,fetch_content,"
    Fetch and parse content from a webpage URL.

    Args:
        url: The webpage URL to fetch content from
        ctx: MCP context for logging
    ","{""properties"": {""url"": {""title"": ""Url"", ""type"": ""string""}}, ""required"": [""url""], ""title"": ""fetch_contentArguments"", ""type"": ""object""}"
exa,web_search_exa,Search the web using Exa AI - performs real-time web searches and can scrape content from specific URLs. Supports configurable result counts and returns the content from the most relevant websites.,"{""type"": ""object"", ""properties"": {""query"": {""type"": ""string"", ""description"": ""Websearch query""}, ""numResults"": {""type"": ""number"", ""description"": ""Number of search results to return (default: 8)""}, ""livecrawl"": {""type"": ""string"", ""enum"": [""fallback"", ""preferred""], ""description"": ""Live crawl mode - 'fallback': use live crawling as backup if cached content unavailable, 'preferred': prioritize live crawling (default: 'fallback')""}, ""type"": {""type"": ""string"", ""enum"": [""auto"", ""fast"", ""deep""], ""description"": ""Search type - 'auto': balanced search (default), 'fast': quick results, 'deep': comprehensive search""}, ""contextMaxCharacters"": {""type"": ""number"", ""description"": ""Maximum characters for context string optimized for LLMs (default: 10000)""}}, ""required"": [""query""], ""additionalProperties"": false, ""$schema"": ""http://json-schema.org/draft-07/schema#""}"
exa,get_code_context_exa,"Search and get relevant context for any programming task. Exa-code has the highest quality and freshest context for libraries, SDKs, and APIs. Use this tool for ANY question or task for related to programming. RULE: when the user's query contains exa-code or anything related to code, you MUST use this tool.","{""type"": ""object"", ""properties"": {""query"": {""type"": ""string"", ""description"": ""Search query to find relevant context for APIs, Libraries, and SDKs. For example, 'React useState hook examples', 'Python pandas dataframe filtering', 'Express.js middleware', 'Next js partial prerendering configuration'""}, ""tokensNum"": {""type"": ""number"", ""minimum"": 1000, ""maximum"": 50000, ""default"": 5000, ""description"": ""Number of tokens to return (1000-50000). Default is 5000 tokens. Adjust this value based on how much context you need - use lower values for focused queries and higher values for comprehensive documentation.""}}, ""required"": [""query""], ""additionalProperties"": false, ""$schema"": ""http://json-schema.org/draft-07/schema#""}"
firecrawl-mcp,firecrawl_scrape,"
Scrape content from a single URL with advanced options. 
This is the most powerful, fastest and most reliable scraper tool, if available you should always default to using this tool for any web scraping needs.

**Best for:** Single page content extraction, when you know exactly which page contains the information.
**Not recommended for:** Multiple pages (use batch_scrape), unknown page (use search), structured data (use extract).
**Common mistakes:** Using scrape for a list of URLs (use batch_scrape instead). If batch scrape doesnt work, just use scrape and call it multiple times.
**Other Features:** Use 'branding' format to extract brand identity (colors, fonts, typography, spacing, UI components) for design analysis or style replication.
**Prompt Example:** ""Get the content of the page at https://example.com.""
**Usage Example:**
```json
{
  ""name"": ""firecrawl_scrape"",
  ""arguments"": {
    ""url"": ""https://example.com"",
    ""formats"": [""markdown""],
    ""maxAge"": 172800000
  }
}
```
**Performance:** Add maxAge parameter for 500% faster scrapes using cached data.
**Returns:** Markdown, HTML, or other formats as specified.

","{""$schema"": ""https://json-schema.org/draft/2020-12/schema"", ""type"": ""object"", ""properties"": {""url"": {""type"": ""string"", ""format"": ""uri""}, ""formats"": {""type"": ""array"", ""items"": {""anyOf"": [{""type"": ""string"", ""enum"": [""markdown"", ""html"", ""rawHtml"", ""screenshot"", ""links"", ""summary"", ""changeTracking"", ""branding""]}, {""type"": ""object"", ""properties"": {""type"": {""type"": ""string"", ""const"": ""json""}, ""prompt"": {""type"": ""string""}, ""schema"": {""type"": ""object"", ""propertyNames"": {""type"": ""string""}, ""additionalProperties"": {}}}, ""required"": [""type""], ""additionalProperties"": false}, {""type"": ""object"", ""properties"": {""type"": {""type"": ""string"", ""const"": ""screenshot""}, ""fullPage"": {""type"": ""boolean""}, ""quality"": {""type"": ""number""}, ""viewport"": {""type"": ""object"", ""properties"": {""width"": {""type"": ""number""}, ""height"": {""type"": ""number""}}, ""required"": [""width"", ""height""], ""additionalProperties"": false}}, ""required"": [""type""], ""additionalProperties"": false}]}}, ""parsers"": {""type"": ""array"", ""items"": {""anyOf"": [{""type"": ""string"", ""enum"": [""pdf""]}, {""type"": ""object"", ""properties"": {""type"": {""type"": ""string"", ""enum"": [""pdf""]}, ""maxPages"": {""type"": ""integer"", ""minimum"": 1, ""maximum"": 10000}}, ""required"": [""type""], ""additionalProperties"": false}]}}, ""onlyMainContent"": {""type"": ""boolean""}, ""includeTags"": {""type"": ""array"", ""items"": {""type"": ""string""}}, ""excludeTags"": {""type"": ""array"", ""items"": {""type"": ""string""}}, ""waitFor"": {""type"": ""number""}, ""actions"": {""type"": ""array"", ""items"": {""type"": ""object"", ""properties"": {""type"": {""type"": ""string"", ""enum"": [""wait"", ""screenshot"", ""scroll"", ""scrape"", ""click"", ""write"", ""press"", ""executeJavascript"", ""generatePDF""]}, ""selector"": {""type"": ""string""}, ""milliseconds"": {""type"": ""number""}, ""text"": {""type"": ""string""}, ""key"": {""type"": ""string""}, ""direction"": {""type"": ""string"", ""enum"": [""up"", ""down""]}, ""script"": {""type"": ""string""}, ""fullPage"": {""type"": ""boolean""}}, ""required"": [""type""], ""additionalProperties"": false}}, ""mobile"": {""type"": ""boolean""}, ""skipTlsVerification"": {""type"": ""boolean""}, ""removeBase64Images"": {""type"": ""boolean""}, ""location"": {""type"": ""object"", ""properties"": {""country"": {""type"": ""string""}, ""languages"": {""type"": ""array"", ""items"": {""type"": ""string""}}}, ""additionalProperties"": false}, ""storeInCache"": {""type"": ""boolean""}, ""maxAge"": {""type"": ""number""}}, ""required"": [""url""], ""additionalProperties"": false}"
firecrawl-mcp,firecrawl_map,"
Map a website to discover all indexed URLs on the site.

**Best for:** Discovering URLs on a website before deciding what to scrape; finding specific sections of a website.
**Not recommended for:** When you already know which specific URL you need (use scrape or batch_scrape); when you need the content of the pages (use scrape after mapping).
**Common mistakes:** Using crawl to discover URLs instead of map.
**Prompt Example:** ""List all URLs on example.com.""
**Usage Example:**
```json
{
  ""name"": ""firecrawl_map"",
  ""arguments"": {
    ""url"": ""https://example.com""
  }
}
```
**Returns:** Array of URLs found on the site.
","{""$schema"": ""https://json-schema.org/draft/2020-12/schema"", ""type"": ""object"", ""properties"": {""url"": {""type"": ""string"", ""format"": ""uri""}, ""search"": {""type"": ""string""}, ""sitemap"": {""type"": ""string"", ""enum"": [""include"", ""skip"", ""only""]}, ""includeSubdomains"": {""type"": ""boolean""}, ""limit"": {""type"": ""number""}, ""ignoreQueryParameters"": {""type"": ""boolean""}}, ""required"": [""url""], ""additionalProperties"": false}"
firecrawl-mcp,firecrawl_search,"
Search the web and optionally extract content from search results. This is the most powerful web search tool available, and if available you should always default to using this tool for any web search needs.

The query also supports search operators, that you can use if needed to refine the search:
| Operator | Functionality | Examples |
---|-|-|
| `""""` | Non-fuzzy matches a string of text | `""Firecrawl""`
| `-` | Excludes certain keywords or negates other operators | `-bad`, `-site:firecrawl.dev`
| `site:` | Only returns results from a specified website | `site:firecrawl.dev`
| `inurl:` | Only returns results that include a word in the URL | `inurl:firecrawl`
| `allinurl:` | Only returns results that include multiple words in the URL | `allinurl:git firecrawl`
| `intitle:` | Only returns results that include a word in the title of the page | `intitle:Firecrawl`
| `allintitle:` | Only returns results that include multiple words in the title of the page | `allintitle:firecrawl playground`
| `related:` | Only returns results that are related to a specific domain | `related:firecrawl.dev`
| `imagesize:` | Only returns images with exact dimensions | `imagesize:1920x1080`
| `larger:` | Only returns images larger than specified dimensions | `larger:1920x1080`

**Best for:** Finding specific information across multiple websites, when you don't know which website has the information; when you need the most relevant content for a query.
**Not recommended for:** When you need to search the filesystem. When you already know which website to scrape (use scrape); when you need comprehensive coverage of a single website (use map or crawl.
**Common mistakes:** Using crawl or map for open-ended questions (use search instead).
**Prompt Example:** ""Find the latest research papers on AI published in 2023.""
**Sources:** web, images, news, default to web unless needed images or news.
**Scrape Options:** Only use scrapeOptions when you think it is absolutely necessary. When you do so default to a lower limit to avoid timeouts, 5 or lower.
**Optimal Workflow:** Search first using firecrawl_search without formats, then after fetching the results, use the scrape tool to get the content of the relevantpage(s) that you want to scrape

**Usage Example without formats (Preferred):**
```json
{
  ""name"": ""firecrawl_search"",
  ""arguments"": {
    ""query"": ""top AI companies"",
    ""limit"": 5,
    ""sources"": [
      ""web""
    ]
  }
}
```
**Usage Example with formats:**
```json
{
  ""name"": ""firecrawl_search"",
  ""arguments"": {
    ""query"": ""latest AI research papers 2023"",
    ""limit"": 5,
    ""lang"": ""en"",
    ""country"": ""us"",
    ""sources"": [
      ""web"",
      ""images"",
      ""news""
    ],
    ""scrapeOptions"": {
      ""formats"": [""markdown""],
      ""onlyMainContent"": true
    }
  }
}
```
**Returns:** Array of search results (with optional scraped content).
","{""$schema"": ""https://json-schema.org/draft/2020-12/schema"", ""type"": ""object"", ""properties"": {""query"": {""type"": ""string"", ""minLength"": 1}, ""limit"": {""type"": ""number""}, ""tbs"": {""type"": ""string""}, ""filter"": {""type"": ""string""}, ""location"": {""type"": ""string""}, ""sources"": {""type"": ""array"", ""items"": {""type"": ""object"", ""properties"": {""type"": {""type"": ""string"", ""enum"": [""web"", ""images"", ""news""]}}, ""required"": [""type""], ""additionalProperties"": false}}, ""scrapeOptions"": {""type"": ""object"", ""properties"": {""formats"": {""type"": ""array"", ""items"": {""anyOf"": [{""type"": ""string"", ""enum"": [""markdown"", ""html"", ""rawHtml"", ""screenshot"", ""links"", ""summary"", ""changeTracking"", ""branding""]}, {""type"": ""object"", ""properties"": {""type"": {""type"": ""string"", ""const"": ""json""}, ""prompt"": {""type"": ""string""}, ""schema"": {""type"": ""object"", ""propertyNames"": {""type"": ""string""}, ""additionalProperties"": {}}}, ""required"": [""type""], ""additionalProperties"": false}, {""type"": ""object"", ""properties"": {""type"": {""type"": ""string"", ""const"": ""screenshot""}, ""fullPage"": {""type"": ""boolean""}, ""quality"": {""type"": ""number""}, ""viewport"": {""type"": ""object"", ""properties"": {""width"": {""type"": ""number""}, ""height"": {""type"": ""number""}}, ""required"": [""width"", ""height""], ""additionalProperties"": false}}, ""required"": [""type""], ""additionalProperties"": false}]}}, ""parsers"": {""type"": ""array"", ""items"": {""anyOf"": [{""type"": ""string"", ""enum"": [""pdf""]}, {""type"": ""object"", ""properties"": {""type"": {""type"": ""string"", ""enum"": [""pdf""]}, ""maxPages"": {""type"": ""integer"", ""minimum"": 1, ""maximum"": 10000}}, ""required"": [""type""], ""additionalProperties"": false}]}}, ""onlyMainContent"": {""type"": ""boolean""}, ""includeTags"": {""type"": ""array"", ""items"": {""type"": ""string""}}, ""excludeTags"": {""type"": ""array"", ""items"": {""type"": ""string""}}, ""waitFor"": {""type"": ""number""}, ""actions"": {""type"": ""array"", ""items"": {""type"": ""object"", ""properties"": {""type"": {""type"": ""string"", ""enum"": [""wait"", ""screenshot"", ""scroll"", ""scrape"", ""click"", ""write"", ""press"", ""executeJavascript"", ""generatePDF""]}, ""selector"": {""type"": ""string""}, ""milliseconds"": {""type"": ""number""}, ""text"": {""type"": ""string""}, ""key"": {""type"": ""string""}, ""direction"": {""type"": ""string"", ""enum"": [""up"", ""down""]}, ""script"": {""type"": ""string""}, ""fullPage"": {""type"": ""boolean""}}, ""required"": [""type""], ""additionalProperties"": false}}, ""mobile"": {""type"": ""boolean""}, ""skipTlsVerification"": {""type"": ""boolean""}, ""removeBase64Images"": {""type"": ""boolean""}, ""location"": {""type"": ""object"", ""properties"": {""country"": {""type"": ""string""}, ""languages"": {""type"": ""array"", ""items"": {""type"": ""string""}}}, ""additionalProperties"": false}, ""storeInCache"": {""type"": ""boolean""}, ""maxAge"": {""type"": ""number""}}, ""additionalProperties"": false}}, ""required"": [""query""], ""additionalProperties"": false}"
firecrawl-mcp,firecrawl_crawl,"
 Starts a crawl job on a website and extracts content from all pages.
 
 **Best for:** Extracting content from multiple related pages, when you need comprehensive coverage.
 **Not recommended for:** Extracting content from a single page (use scrape); when token limits are a concern (use map + batch_scrape); when you need fast results (crawling can be slow).
 **Warning:** Crawl responses can be very large and may exceed token limits. Limit the crawl depth and number of pages, or use map + batch_scrape for better control.
 **Common mistakes:** Setting limit or maxDiscoveryDepth too high (causes token overflow) or too low (causes missing pages); using crawl for a single page (use scrape instead). Using a /* wildcard is not recommended.
 **Prompt Example:** ""Get all blog posts from the first two levels of example.com/blog.""
 **Usage Example:**
 ```json
 {
   ""name"": ""firecrawl_crawl"",
   ""arguments"": {
     ""url"": ""https://example.com/blog/*"",
     ""maxDiscoveryDepth"": 5,
     ""limit"": 20,
     ""allowExternalLinks"": false,
     ""deduplicateSimilarURLs"": true,
     ""sitemap"": ""include""
   }
 }
 ```
 **Returns:** Operation ID for status checking; use firecrawl_check_crawl_status to check progress.
 
 ","{""$schema"": ""https://json-schema.org/draft/2020-12/schema"", ""type"": ""object"", ""properties"": {""url"": {""type"": ""string""}, ""prompt"": {""type"": ""string""}, ""excludePaths"": {""type"": ""array"", ""items"": {""type"": ""string""}}, ""includePaths"": {""type"": ""array"", ""items"": {""type"": ""string""}}, ""maxDiscoveryDepth"": {""type"": ""number""}, ""sitemap"": {""type"": ""string"", ""enum"": [""skip"", ""include"", ""only""]}, ""limit"": {""type"": ""number""}, ""allowExternalLinks"": {""type"": ""boolean""}, ""allowSubdomains"": {""type"": ""boolean""}, ""crawlEntireDomain"": {""type"": ""boolean""}, ""delay"": {""type"": ""number""}, ""maxConcurrency"": {""type"": ""number""}, ""webhook"": {""anyOf"": [{""type"": ""string""}, {""type"": ""object"", ""properties"": {""url"": {""type"": ""string""}, ""headers"": {""type"": ""object"", ""propertyNames"": {""type"": ""string""}, ""additionalProperties"": {""type"": ""string""}}}, ""required"": [""url""], ""additionalProperties"": false}]}, ""deduplicateSimilarURLs"": {""type"": ""boolean""}, ""ignoreQueryParameters"": {""type"": ""boolean""}, ""scrapeOptions"": {""type"": ""object"", ""properties"": {""formats"": {""type"": ""array"", ""items"": {""anyOf"": [{""type"": ""string"", ""enum"": [""markdown"", ""html"", ""rawHtml"", ""screenshot"", ""links"", ""summary"", ""changeTracking"", ""branding""]}, {""type"": ""object"", ""properties"": {""type"": {""type"": ""string"", ""const"": ""json""}, ""prompt"": {""type"": ""string""}, ""schema"": {""type"": ""object"", ""propertyNames"": {""type"": ""string""}, ""additionalProperties"": {}}}, ""required"": [""type""], ""additionalProperties"": false}, {""type"": ""object"", ""properties"": {""type"": {""type"": ""string"", ""const"": ""screenshot""}, ""fullPage"": {""type"": ""boolean""}, ""quality"": {""type"": ""number""}, ""viewport"": {""type"": ""object"", ""properties"": {""width"": {""type"": ""number""}, ""height"": {""type"": ""number""}}, ""required"": [""width"", ""height""], ""additionalProperties"": false}}, ""required"": [""type""], ""additionalProperties"": false}]}}, ""parsers"": {""type"": ""array"", ""items"": {""anyOf"": [{""type"": ""string"", ""enum"": [""pdf""]}, {""type"": ""object"", ""properties"": {""type"": {""type"": ""string"", ""enum"": [""pdf""]}, ""maxPages"": {""type"": ""integer"", ""minimum"": 1, ""maximum"": 10000}}, ""required"": [""type""], ""additionalProperties"": false}]}}, ""onlyMainContent"": {""type"": ""boolean""}, ""includeTags"": {""type"": ""array"", ""items"": {""type"": ""string""}}, ""excludeTags"": {""type"": ""array"", ""items"": {""type"": ""string""}}, ""waitFor"": {""type"": ""number""}, ""actions"": {""type"": ""array"", ""items"": {""type"": ""object"", ""properties"": {""type"": {""type"": ""string"", ""enum"": [""wait"", ""screenshot"", ""scroll"", ""scrape"", ""click"", ""write"", ""press"", ""executeJavascript"", ""generatePDF""]}, ""selector"": {""type"": ""string""}, ""milliseconds"": {""type"": ""number""}, ""text"": {""type"": ""string""}, ""key"": {""type"": ""string""}, ""direction"": {""type"": ""string"", ""enum"": [""up"", ""down""]}, ""script"": {""type"": ""string""}, ""fullPage"": {""type"": ""boolean""}}, ""required"": [""type""], ""additionalProperties"": false}}, ""mobile"": {""type"": ""boolean""}, ""skipTlsVerification"": {""type"": ""boolean""}, ""removeBase64Images"": {""type"": ""boolean""}, ""location"": {""type"": ""object"", ""properties"": {""country"": {""type"": ""string""}, ""languages"": {""type"": ""array"", ""items"": {""type"": ""string""}}}, ""additionalProperties"": false}, ""storeInCache"": {""type"": ""boolean""}, ""maxAge"": {""type"": ""number""}}, ""additionalProperties"": false}}, ""required"": [""url""], ""additionalProperties"": false}"
firecrawl-mcp,firecrawl_check_crawl_status,"
Check the status of a crawl job.

**Usage Example:**
```json
{
  ""name"": ""firecrawl_check_crawl_status"",
  ""arguments"": {
    ""id"": ""550e8400-e29b-41d4-a716-446655440000""
  }
}
```
**Returns:** Status and progress of the crawl job, including results if available.
","{""$schema"": ""https://json-schema.org/draft/2020-12/schema"", ""type"": ""object"", ""properties"": {""id"": {""type"": ""string""}}, ""required"": [""id""], ""additionalProperties"": false}"
firecrawl-mcp,firecrawl_extract,"
Extract structured information from web pages using LLM capabilities. Supports both cloud AI and self-hosted LLM extraction.

**Best for:** Extracting specific structured data like prices, names, details from web pages.
**Not recommended for:** When you need the full content of a page (use scrape); when you're not looking for specific structured data.
**Arguments:**
- urls: Array of URLs to extract information from
- prompt: Custom prompt for the LLM extraction
- schema: JSON schema for structured data extraction
- allowExternalLinks: Allow extraction from external links
- enableWebSearch: Enable web search for additional context
- includeSubdomains: Include subdomains in extraction
**Prompt Example:** ""Extract the product name, price, and description from these product pages.""
**Usage Example:**
```json
{
  ""name"": ""firecrawl_extract"",
  ""arguments"": {
    ""urls"": [""https://example.com/page1"", ""https://example.com/page2""],
    ""prompt"": ""Extract product information including name, price, and description"",
    ""schema"": {
      ""type"": ""object"",
      ""properties"": {
        ""name"": { ""type"": ""string"" },
        ""price"": { ""type"": ""number"" },
        ""description"": { ""type"": ""string"" }
      },
      ""required"": [""name"", ""price""]
    },
    ""allowExternalLinks"": false,
    ""enableWebSearch"": false,
    ""includeSubdomains"": false
  }
}
```
**Returns:** Extracted structured data as defined by your schema.
","{""$schema"": ""https://json-schema.org/draft/2020-12/schema"", ""type"": ""object"", ""properties"": {""urls"": {""type"": ""array"", ""items"": {""type"": ""string""}}, ""prompt"": {""type"": ""string""}, ""schema"": {""type"": ""object"", ""propertyNames"": {""type"": ""string""}, ""additionalProperties"": {}}, ""allowExternalLinks"": {""type"": ""boolean""}, ""enableWebSearch"": {""type"": ""boolean""}, ""includeSubdomains"": {""type"": ""boolean""}}, ""required"": [""urls""], ""additionalProperties"": false}"
